{
    "final_objective": 0.7222447395324707,
    "final_alpha": [
        2.204618215560913,
        2.2230520248413086,
        2.2866132259368896,
        1.9343535900115967,
        2.1351845264434814,
        1.9186302423477173,
        1.9956705570220947,
        1.908955454826355,
        2.100680351257324,
        2.0737929344177246,
        2.029378890991211,
        2.116605043411255,
        1.927498459815979,
        2.141139030456543,
        2.1115739345550537,
        2.1215407848358154,
        1.9658209085464478,
        1.9216879606246948,
        1.9303025007247925,
        2.1590237617492676
    ],
    "selected_indices": [
        7,
        5,
        17,
        12,
        18,
        3,
        16,
        6
    ],
    "selected_alphas": [
        1.908955454826355,
        1.9186302423477173,
        1.9216879606246948,
        1.927498459815979,
        1.9303025007247925,
        1.9343535900115967,
        1.9658209085464478,
        1.9956705570220947
    ],
    "objective_history": [
        0.7222447395324707,
        0.7285162210464478,
        0.7418614029884338,
        0.7571921944618225,
        0.754321277141571,
        0.7596132159233093,
        0.7763770818710327,
        0.7538065314292908,
        0.7677716612815857,
        0.7831838130950928,
        0.7477774024009705
    ],
    "alpha_history": [
        [
            2.104619026184082,
            2.1230521202087402,
            2.1866211891174316,
            2.034353256225586,
            2.035184860229492,
            2.0186283588409424,
            2.095667839050293,
            2.0089545249938965,
            2.0006821155548096,
            2.173768997192383,
            2.12937593460083,
            2.0166165828704834,
            2.0274975299835205,
            2.0411410331726074,
            2.0115771293640137,
            2.0215415954589844,
            2.0658202171325684,
            2.0216872692108154,
            2.030294179916382,
            2.0590243339538574
        ],
        [
            2.204618215560913,
            2.2230520248413086,
            2.2866132259368896,
            1.9343535900115967,
            2.1351845264434814,
            1.9186302423477173,
            1.9956705570220947,
            1.908955454826355,
            2.100680351257324,
            2.0737929344177246,
            2.029378890991211,
            2.116605043411255,
            1.927498459815979,
            2.141139030456543,
            2.1115739345550537,
            2.1215407848358154,
            1.9658209085464478,
            1.9216879606246948,
            1.9303025007247925,
            2.1590237617492676
        ],
        [
            2.292565107345581,
            2.3226664066314697,
            2.3665611743927,
            1.8418688774108887,
            2.217388868331909,
            1.8232452869415283,
            2.0568482875823975,
            1.8133851289749146,
            2.1160528659820557,
            1.9772653579711914,
            1.9398207664489746,
            2.0496273040771484,
            1.9028767347335815,
            2.0789713859558105,
            2.096698760986328,
            2.219231367111206,
            1.8820213079452515,
            1.8263704776763916,
            1.837057113647461,
            2.259148359298706
        ],
        [
            2.3373360633850098,
            2.422114849090576,
            2.4103784561157227,
            1.7463096380233765,
            2.307112455368042,
            1.730040431022644,
            2.0647623538970947,
            1.771401047706604,
            2.1065776348114014,
            1.9004279375076294,
            1.850093126296997,
            2.0012617111206055,
            1.903578758239746,
            2.0234694480895996,
            2.0380842685699463,
            2.318084955215454,
            1.811951994895935,
            1.7312946319580078,
            1.7448066473007202,
            2.358375072479248
        ],
        [
            2.3928849697113037,
            2.520660638809204,
            2.421674966812134,
            1.648835301399231,
            2.3981118202209473,
            1.7048571109771729,
            2.0359692573547363,
            1.7380890846252441,
            2.0604989528656006,
            1.825051188468933,
            1.7565655708312988,
            1.9448540210723877,
            1.9571304321289062,
            1.9615352153778076,
            1.9634939432144165,
            2.417476177215576,
            1.8272124528884888,
            1.6355180740356445,
            1.7470532655715942,
            2.438967227935791
        ],
        [
            2.4644269943237305,
            2.6183888912200928,
            2.397359848022461,
            1.5501855611801147,
            2.492100715637207,
            1.6496827602386475,
            2.0222384929656982,
            1.6932106018066406,
            2.080784559249878,
            1.7431652545928955,
            1.6747840642929077,
            1.9064475297927856,
            2.019770622253418,
            1.896061897277832,
            1.9205721616744995,
            2.516298294067383,
            1.8279898166656494,
            1.5426976680755615,
            1.7440438270568848,
            2.5255279541015625
        ],
        [
            2.5289762020111084,
            2.715252161026001,
            2.364698886871338,
            1.4572408199310303,
            2.581888198852539,
            1.5880564451217651,
            2.0134382247924805,
            1.6333118677139282,
            2.0751094818115234,
            1.6686153411865234,
            1.6129518747329712,
            1.8554329872131348,
            2.076314926147461,
            1.8454504013061523,
            1.8773646354675293,
            2.610584259033203,
            1.8128526210784912,
            1.4522955417633057,
            1.7041023969650269,
            2.611670970916748
        ],
        [
            2.5841732025146484,
            2.8116648197174072,
            2.315804958343506,
            1.3620091676712036,
            2.6682167053222656,
            1.5154681205749512,
            2.0254852771759033,
            1.5690032243728638,
            2.0391368865966797,
            1.5916556119918823,
            1.5545406341552734,
            1.817694067955017,
            2.1052439212799072,
            1.8194119930267334,
            1.823671579360962,
            2.7060706615448,
            1.8062406778335571,
            1.358528971672058,
            1.6433093547821045,
            2.7010436058044434
        ],
        [
            2.6350183486938477,
            2.906853437423706,
            2.2534046173095703,
            1.2648818492889404,
            2.7535810470581055,
            1.4604603052139282,
            2.031660795211792,
            1.5155408382415771,
            2.0281693935394287,
            1.509303092956543,
            1.486980676651001,
            1.7920091152191162,
            2.1508216857910156,
            1.7771797180175781,
            1.8409637212753296,
            2.799246311187744,
            1.7945960760116577,
            1.26300048828125,
            1.5831910371780396,
            2.7893662452697754
        ],
        [
            2.7010505199432373,
            3.000786304473877,
            2.187319755554199,
            1.1658087968826294,
            2.8356945514678955,
            1.4044485092163086,
            2.042276382446289,
            1.4679207801818848,
            2.0090677738189697,
            1.4244927167892456,
            1.424574375152588,
            1.805822491645813,
            2.1936683654785156,
            1.74073326587677,
            1.8790345191955566,
            2.886441946029663,
            1.7971093654632568,
            1.165450096130371,
            1.5308747291564941,
            2.8769655227661133
        ],
        [
            2.7423346042633057,
            3.093247652053833,
            2.1174073219299316,
