{
    "final_objective": 0.5909914970397949,
    "final_alpha": [
        1.98771333694458,
        2.2730376720428467,
        2.0477511882781982,
        1.8851044178009033,
        2.180379629135132,
        2.0255422592163086,
        1.9821972846984863,
        1.9009724855422974,
        1.8641376495361328,
        2.0239953994750977,
        2.031914234161377,
        1.878780722618103,
        2.1083552837371826,
        1.934214472770691,
        1.9219660758972168,
        2.161294460296631,
        2.190171480178833,
        1.8787513971328735,
        1.8968687057495117,
        2.203789710998535
    ],
    "selected_indices": [
        8,
        17,
        11,
        3,
        18,
        7,
        14,
        13
    ],
    "selected_alphas": [
        1.8641376495361328,
        1.8787513971328735,
        1.878780722618103,
        1.8851044178009033,
        1.8968687057495117,
        1.9009724855422974,
        1.9219660758972168,
        1.934214472770691
    ],
    "objective_history": [
        0.5939924120903015,
        0.5931823253631592,
        0.5909914970397949,
        0.5989990234375,
        0.5978752374649048,
        0.5992790460586548,
        0.6038111448287964,
        0.6009628772735596,
        0.5969778299331665,
        0.6013545393943787,
        0.5991759300231934,
        0.6045279502868652,
        0.6050248146057129
    ],
    "alpha_history": [
        [
            2.104619026184082,
            2.1230521202087402,
            2.1866211891174316,
            2.034353256225586,
            2.035184860229492,
            2.0186283588409424,
            2.095667839050293,
            2.0089545249938965,
            2.0006821155548096,
            2.173768997192383,
            2.12937593460083,
            2.0166165828704834,
            2.0274975299835205,
            2.0411410331726074,
            2.0115771293640137,
            2.0215415954589844,
            2.0658202171325684,
            2.0216872692108154,
            2.030294179916382,
            2.0590243339538574
        ],
        [
            2.0546200275421143,
            2.1730520725250244,
            2.1366233825683594,
            1.9843534231185913,
            2.0851845741271973,
            2.0686278343200684,
            2.045668840408325,
            1.958964228630066,
            1.9506829977035522,
            2.123769521713257,
            2.079376220703125,
            1.9666168689727783,
            2.0774972438812256,
            1.9911413192749023,
            1.9615777730941772,
            2.0715415477752686,
            2.1158199310302734,
            1.9716877937316895,
            1.9802970886230469,
            2.1090240478515625
        ],
        [
            2.0050270557403564,
            2.223097562789917,
            2.0933680534362793,
            1.9346400499343872,
            2.132108211517334,
            2.0454366207122803,
            2.019857168197632,
            1.9204115867614746,
            1.9050229787826538,
            2.07383131980896,
            2.038353204727173,
            1.924428105354309,
            2.087986469268799,
            1.966549038887024,
            1.9148626327514648,
            2.1211023330688477,
            2.157210111618042,
            1.9261882305145264,
            1.9394879341125488,
            2.1589744091033936
        ],
        [
            1.98771333694458,
            2.2730376720428467,
            2.0477511882781982,
            1.8851044178009033,
            2.180379629135132,
            2.0255422592163086,
            1.9821972846984863,
            1.9009724855422974,
            1.8641376495361328,
            2.0239953994750977,
            2.031914234161377,
            1.878780722618103,
            2.1083552837371826,
            1.934214472770691,
            1.9219660758972168,
            2.161294460296631,
            2.190171480178833,
            1.8787513971328735,
            1.8968687057495117,
            2.203789710998535
        ],
        [
            1.9576810598373413,
            2.3227336406707764,
            2.0004215240478516,
            1.8374567031860352,
            2.2294461727142334,
            1.9992599487304688,
            1.9402382373809814,
            1.8692100048065186,
            1.8205879926681519,
            1.973992109298706,
            2.0235190391540527,
            1.8396990299224854,
            2.122413396835327,
            1.90503990650177,
            1.924677848815918,
            2.2047226428985596,
            2.229828357696533,
            1.830594539642334,
            1.8519971370697021,
            2.2505886554718018
        ],
        [
            1.9233537912368774,
            2.3723959922790527,
            1.9702821969985962,
            1.7900817394256592,
            2.278334140777588,
            1.964084267616272,
            1.8959362506866455,
            1.8324041366577148,
            1.7758575677871704,
            1.923691749572754,
            2.019810199737549,
            1.832887887954712,
            2.1374926567077637,
            1.8752256631851196,
            1.9121673107147217,
            2.250110387802124,
            2.2326157093048096,
            1.7897353172302246,
            1.8060345649719238,
            2.292968273162842
        ],
        [
            1.8924076557159424,
            2.421846866607666,
            1.9344277381896973,
            1.743746280670166,
            2.323746681213379,
            1.9342378377914429,
            1.8528435230255127,
            1.7913609743118286,
            1.7298873662948608,
            1.87332022190094,
            2.016629695892334,
            1.8285260200500488,
            2.143472909927368,
            1.843467116355896,
            1.88699471950531,
            2.295342206954956,
            2.240159273147583,
            1.7510095834732056,
            1.762255072593689,
            2.3369529247283936
        ],
        [
            1.858366847038269,
            2.4710047245025635,
            1.8982993364334106,
            1.6990026235580444,
            2.370084524154663,
            1.9223017692565918,
            1.807624340057373,
            1.7475513219833374,
            1.7056639194488525,
            1.8342856168746948,
            2.024048328399658,
            1.816459059715271,
            2.1467671394348145,
            1.8248499631881714,
            1.8781026601791382,
            2.3378376960754395,
            2.239771842956543,
            1.7109243869781494,
            1.7261357307434082,
            2.3814620971679688
        ],
        [
            1.8195233345031738,
            2.5197904109954834,
            1.86885404586792,
            1.6538100242614746,
            2.4164652824401855,
            1.901741623878479,
            1.7729883193969727,
            1.7051912546157837,
            1.6791776418685913,
            1.7921569347381592,
            2.0335118770599365,
            1.8174071311950684,
            2.1629245281219482,
            1.7953506708145142,
            1.8822790384292603,
            2.3732337951660156,
            2.23728346824646,
            1.6677613258361816,
            1.6858038902282715,
            2.4278404712677
        ],
        [
            1.7930641174316406,
            2.5682334899902344,
            1.8422951698303223,
            1.6077629327774048,
            2.4637808799743652,
            1.87696373462677,
            1.746170163154602,
            1.660636305809021,
            1.6465080976486206,
            1.7483456134796143,
            2.036118984222412,
            1.823760986328125,
            2.186939239501953,
            1.7627887725830078,
            1.8698123693466187,
            2.411930561065674,
            2.2323060035705566,
            1.626798391342163,
            1.6429054737091064,
            2.474337339401245
        ],
        [
            1.7663710117340088,
