{
    "final_objective": 0.7222447395324707,
    "final_alpha": [
        2.154618501663208,
        2.1730520725250244,
        2.23661732673645,
        1.9843534231185913,
        2.0851845741271973,
        1.968629240989685,
        2.0456693172454834,
        1.958954930305481,
        2.0506813526153564,
        2.1237809658050537,
        2.0793774127960205,
        2.066610813140869,
        1.9774980545043945,
        2.091140031814575,
        2.0615756511688232,
        2.0715410709381104,
        2.0158205032348633,
        1.9716875553131104,
        1.9802982807159424,
        2.1090240478515625
    ],
    "selected_indices": [
        7,
        5,
        17,
        12,
        18,
        3,
        16,
        6
    ],
    "selected_alphas": [
        1.958954930305481,
        1.968629240989685,
        1.9716875553131104,
        1.9774980545043945,
        1.9802982807159424,
        1.9843534231185913,
        2.0158205032348633,
        2.0456693172454834
    ],
    "objective_history": [
        0.7222447395324707,
        0.7264093160629272,
        0.7384592890739441,
        0.7518126964569092,
        0.7486174702644348,
        0.7511811256408691,
        0.7670651078224182,
        0.7452642917633057,
        0.7579423189163208,
        0.7708265781402588,
        0.7357465028762817
    ],
    "alpha_history": [
        [
            2.104619026184082,
            2.1230521202087402,
            2.1866211891174316,
            2.034353256225586,
            2.035184860229492,
            2.0186283588409424,
            2.095667839050293,
            2.0089545249938965,
            2.0006821155548096,
            2.173768997192383,
            2.12937593460083,
            2.0166165828704834,
            2.0274975299835205,
            2.0411410331726074,
            2.0115771293640137,
            2.0215415954589844,
            2.0658202171325684,
            2.0216872692108154,
            2.030294179916382,
            2.0590243339538574
        ],
        [
            2.154618501663208,
            2.1730520725250244,
            2.23661732673645,
            1.9843534231185913,
            2.0851845741271973,
            1.968629240989685,
            2.0456693172454834,
            1.958954930305481,
            2.0506813526153564,
            2.1237809658050537,
            2.0793774127960205,
            2.066610813140869,
            1.9774980545043945,
            2.091140031814575,
            2.0615756511688232,
            2.0715410709381104,
            2.0158205032348633,
            1.9716875553131104,
            1.9802982807159424,
            2.1090240478515625
        ],
        [
            2.198543071746826,
            2.2229418754577637,
            2.2765705585479736,
            1.938368320465088,
            2.1265010833740234,
            1.9208935499191284,
            2.0759756565093994,
            1.9111138582229614,
            2.057811737060547,
            2.0772652626037598,
            2.0344841480255127,
            2.0327987670898438,
            1.963214635848999,
            2.0598185062408447,
            2.0526676177978516,
            2.120211124420166,
            1.9739776849746704,
            1.9238706827163696,
            1.9342533349990845,
            2.1590912342071533
        ],
        [
            2.2177162170410156,
            2.2728402614593506,
            2.2953412532806396,
            1.8908491134643555,
            2.171560525894165,
            1.8737796545028687,
            2.0788636207580566,
            1.8887685537338257,
            2.0535356998443604,
            2.0371971130371094,
            1.9893594980239868,
            2.008496046066284,
            1.962780475616455,
            2.0313198566436768,
            2.022426128387451,
            2.169476270675659,
            1.9393349885940552,
            1.8762941360473633,
            1.888411283493042,
            2.2088699340820312
        ],
        [
            2.2420613765716553,
            2.322463035583496,
            2.2967238426208496,
            1.8422764539718628,
            2.2175424098968506,
            1.8602237701416016,
            2.0633363723754883,
            1.871165156364441,
            2.0303642749786377,
            1.99901282787323,
            1.9424443244934082,
            1.9804601669311523,
            1.9892394542694092,
            1.999991774559021,
            1.9847381114959717,
            2.21901535987854,
            1.946785807609558,
            1.8284990787506104,
            1.8855596780776978,
            2.249508857727051
        ],
        [
            2.2759077548980713,
            2.3718767166137695,
            2.2806155681610107,
            1.7932102680206299,
            2.2649614810943604,
            1.832058310508728,
            2.0553877353668213,
            1.8477497100830078,
            2.0397133827209473,
            1.9576648473739624,
            1.9013785123825073,
            1.963964581489563,
            2.0206375122070312,
            1.9670416116714478,
            1.9614956378936768,
            2.268449068069458,
            1.9483592510223389,
            1.7825227975845337,
            1.8812057971954346,
            2.293219566345215
        ],
        [
            2.306591272354126,
            2.4210708141326904,
            2.2609193325042725,
            1.7471308708190918,
            2.310182809829712,
            1.8005092144012451,
            2.048922300338745,
            1.817511796951294,
            2.035146951675415,
            1.9202535152435303,
            1.8692859411239624,
            1.9401633739471436,
            2.048840284347534,
            1.9404661655426025,
            1.9374443292617798,
            2.315725803375244,
            1.9411413669586182,
            1.7382758855819702,
            1.8598891496658325,
            2.3370847702026367
        ],
        [
            2.334672451019287,
            2.4702582359313965,
            2.234147787094116,
            1.7001268863677979,
            2.353745937347412,
            1.763574481010437,
            2.053431510925293,
            1.7855905294418335,
            2.0166215896606445,
            1.8810148239135742,
            1.839911699295044,
            1.922714114189148,
            2.063037872314453,
            1.925660252571106,
            1.9086976051330566,
            2.363666534423828,
            1.9388254880905151,
            1.6922160387039185,
            1.8287714719772339,
            2.3826253414154053
        ],
        [
            2.360272169113159,
            2.519097328186035,
            2.2012863159179688,
            1.6525630950927734,
            2.397145986557007,
            1.7354270219802856,
            2.0550408363342285,
            1.7590546607971191,
            2.012037515640259,
            1.8389805555343628,
            1.8071554899215698,
            1.9107625484466553,
            2.085977077484131,
            1.9034991264343262,
            1.9148790836334229,
            2.4105679988861084,
            1.932734727859497,
            1.6457933187484741,
            1.7982237339019775,
            2.427492618560791
        ],
        [
            2.3935563564300537,
            2.567615270614624,
            2.166287660598755,
            1.604180097579956,
            2.439203977584839,
            1.7064993381500244,
            2.0592422485351562,
            1.7365353107452393,
            2.0032503604888916,
            1.7962236404418945,
            1.7780832052230835,
            1.9140844345092773,
            2.107114553451538,
            1.885616421699524,
            1.9320684671401978,
            2.454850196838379,
            1.9327353239059448,
            1.5978889465332031,
            1.773223876953125,
            2.4726665019989014
        ],
        [
            2.416424036026001,
            2.6156985759735107,
            2.1293652057647705,
